<?xml version="1.0" encoding="UTF-8"?>
<addon id="plugin.video.hindiM4U"
version="2.0.0"
name="HindiMovies4U"
provider-name="Roman_V_M">
<requires>
  <import addon="xbmc.python" version="2.20.0"/>
  <import addon="script.module.requests" version="2.7.0" />
  <import addon="script.module.beautifulsoup4" version="4.3.1"/> 
  <import addon="script.module.unidecode" version="0.4.16"/> 
  <import addon="script.module.addon.common" version="2.0.1" />
</requires>
<extension point="xbmc.python.pluginsource" library="main.py">
  <provides>video</provides>
</extension>
<extension point="xbmc.addon.metadata">
  <summary lang="en">Hindi movies divided by catagories</summary>
  <description lang="en">My first dip in the kodi world</description>
  <disclaimer lang="en">Based on the video addon exmple and my scrapper</disclaimer>
</extension>
</addon>
